{
	"project_id" : "stobg-data-analytics-test",
	"region" : "us-east1",
	"zone" : "us-east1-b",
	"storage_bucket" : "us-east1-stobg-composer-tes-3888c6a1-bucket",
	"cluster_name" : "stobg-test-cluster",
	"service_account" : "dag-test@stobg-data-analytics-test.iam.gserviceaccount.com",
    "config_ingestion" : "gs://us-east1-stobg-composer-tes-3888c6a1-bucket/etl_pipeline/ingestion_framework/config_ingestion.py",
	"ingestion_file" : "gs://us-east1-stobg-composer-tes-3888c6a1-bucket/etl_pipeline/ingestion_framework/ingestion_framework.py",
	"config_transformation" : "gs://us-east1-stobg-composer-tes-3888c6a1-bucket/etl_pipeline/transformation_framework/config_transformation.py",
	"load_hub_table_file" : "gs://us-east1-stobg-composer-tes-3888c6a1-bucket/etl_pipeline/transformation_framework/load_hub_tables.py",
	"load_mart_table_file" : "gs://us-east1-stobg-composer-tes-3888c6a1-bucket/etl_pipeline/transformation_framework/load_mart_tables.py",
	"load_mart_view_file" : "gs://us-east1-stobg-composer-tes-3888c6a1-bucket/etl_pipeline/transformation_framework/load_views.py",
	"dag_name" : "CMIC_ETL_PIPELINE",
	"dag_description" : "DAG for data ingestion and transformation",
	"dag_tags" : ["STOBG Project - CMIC"],
	"owner" : "airflow",
	"depends_on_past" : "False",
	"start_date" : 1,
	"email_on_failure" : "False",
	"email_on_retry" : "False",
	"retries" : 0,
	"retry_delay" : 5,
	"start_task_id" : "start",
	"service_account_scopes" : ["https://www.googleapis.com/auth/cloud-platform"],
	"image_version" : "2.0.39-ubuntu18",
	"init_actions_uris" : ["gs://goog-dataproc-initialization-actions-us-east1/connectors/connectors.sh","gs://goog-dataproc-initialization-actions-us-east1/python/pip-install.sh"],
	"properties" : {"dataproc:dataproc.logging.stackdriver.job.yarn.container.enable":"true","dataproc:dataproc.logging.stackdriver.enable": "true","dataproc:dataproc.logging.stackdriver.job.driver.enable":"true","dataproc:jobs.file-backed-output.enable":"true"},
	"num_workers" : 2,
	"labels" : {"env":"test"},
	"cluster_tags" : ["allow-iap","dataproc"],
	"master_machine_type" : "n1-standard-8",
	"worker_machine_type" : "n1-standard-8",
	"cluster_metadata" : {"gcs-connector-version" : "2.1.1" , "bigquery-connector-version": "1.2.0" , "spark-bigquery-connector-version": "0.21.0" ,    "PIP_PACKAGES" : "openpyxl"},
	"master_disk_size" : 100,
	"worker_disk_size" : 100,
	"num_preemptible_workers" : 0,
	"create_cluster_task_id" : "create_dataproc_cluster",
	"dataproc_jars" : ["gs://spark-lib/bigquery/spark-bigquery-latest_2.12.jar"],
	"run_Job1_task_id" : "load_staging_tables",
	"run_Job2_task_id" : "load_hub_tables",
	"run_Job3_task_id" : "load_mart_tables",
	"run_Job4_task_id" : "load_mart_views",
	"delete_cluster_task_id" : "delete_dataproc_cluster",
	"end_task_id" : "end"
	
}